id,group,name,part_number,quantity,usable_on_robot,bendable,source,source_page,notes
electronics_001,electronics,ET (Rangefinder),,2,True,,electronics,1,
electronics_002,electronics,Tophat (Reflectance),,4,True,,electronics,1,
electronics_003,electronics,Small Tophat (Reflectance),,2,True,,electronics,1,
electronics_004,electronics,Light,,3,True,,electronics,1,
electronics_005,electronics,Linear Slide,,1,True,,electronics,1,
electronics_006,electronics,Lever,,2,True,,electronics,1,
electronics_007,electronics,Small Touch,,4,True,,electronics,2,
electronics_008,electronics,Large Touch,,6,True,,electronics,2,
electronics_009,electronics,Servo,,5,True,,electronics,2,
electronics_010,electronics,Black Gear Motor,,8,True,,electronics,2,
electronics_011,electronics,Micro Servo,,2,True,,electronics,2,
electronics_012,electronics,Wombat,,2,True,,electronics,2,
electronics_013,electronics,Black Camera,,1,True,,electronics,3,PDF shows alternative camera images separated by “or”; quantity 1 is shared. Model not specified in text.
electronics_014,electronics,Wombat Battery Charger,,2,True,,electronics,3,
electronics_015,electronics,Wombat Battery,,2,True,,electronics,3,
electronics_016,electronics,Servo Extension Cable,,3,True,,electronics,3,
electronics_017,electronics,Sensor Extension Cable,,2,True,,electronics,3,
electronics_018,electronics,Solarbotics Wheel,,4,True,,electronics,3,
electronics_019,electronics,Mecanum Wheel,,4,True,,electronics,3,
metal_001,metal,Strap 1 x 19,,4,True,True,metal,1,
metal_002,metal,Strap 1 x 10,,6,True,True,metal,1,
metal_003,metal,Channel 3 x 8,,3,True,False,metal,1,
metal_004,metal,Channel 3 x 12,,2,True,False,metal,1,
metal_005,metal,Channel 3 x 16,,1,True,False,metal,1,
metal_006,metal,Plate 4 x 12,,4,True,True,metal,1,
metal_007,metal,Chassis,,2,True,False,metal,1,
metal_008,metal,D Bracket,,1,True,False,metal,2,
metal_009,metal,Angle Bracket,,2,True,False,metal,2,
metal_010,metal,Plus Plate,,1,True,True,metal,2,
metal_011,metal,Servo Bracket,,8,True,False,metal,2,
metal_012,metal,Round Servo Horn,,2,True,False,metal,2,
metal_013,metal,1 x 5 Servo Horn,,4,True,False,metal,2,
metal_014,metal,Micro Servo Mount,,2,True,False,metal,2,
metal_015,metal,"Screw 8-32 x 1/4"" (black)",,40,True,,metal,3,
metal_016,metal,"Screw 8-32 x 1/2"" (black)",,90,True,,metal,3,
metal_017,metal,"Screw 8-32 x 3/4"" (black)",,70,True,,metal,3,
metal_018,metal,Nut 8-32 Keps (black),,170,True,,metal,3,
metal_019,metal,Nut 8-32 Nylock (black),,30,True,,metal,3,
metal_020,metal,"Standoff 8-32 x 1/2""",,12,True,,metal,3,
metal_021,metal,"Standoff 8-32 x 1""",,7,True,,metal,3,
metal_022,metal,"Standoff 8-32 x 2""",,2,True,,metal,3,
metal_023,metal,"Standoff 8-32 x 3""",,1,True,,metal,3,
metal_024,metal,Short Silver Servo Horn Screw (M3),,6,True,,metal,3,
metal_025,metal,18-8 Washer,,6,True,,metal,3,
metal_026,metal,Silver Servo Horn Nut (M3),,10,True,,metal,3,
metal_027,metal,Silver Servo Horn Machine Screw (M3),,10,True,,metal,4,
metal_028,metal,"Threaded Rod 8-32 x 1""",,10,True,,metal,4,
metal_029,metal,"Threaded Rod 8-32 x 2""",,2,True,,metal,4,
metal_030,metal,"Threaded Rod 8-32 x 3""",,2,True,,metal,4,
metal_031,metal,"Threaded Rod 8-32 x 6""",,1,True,,metal,4,
metal_032,metal,Brass Screws,,10,True,,metal,4,
metal_033,metal,"2-56 1"" Caster Screw",,5,True,,metal,4,
metal_034,metal,"2-56 3/8"" Micro Servo Mount Screw",,6,True,,metal,4,
metal_035,metal,"M3 x 0.5"" x 6"" Mecanum Wheel Screw",,6,True,,metal,4,
metal_036,metal,Caster,,2,True,,metal,4,
metal_037,metal,Screwdriver,,1,False,,metal,4,
metal_038,metal,"11/32"" Wrench",,1,False,,metal,4,
lego_32062,lego,# 2 Axle,32062,32,True,,lego,1,
lego_4519,lego,# 3 Axle,4519,48,True,,lego,1,
lego_6587,lego,#3 Axle w/ stud,6587,4,True,,lego,1,
lego_3705,lego,#4 Axle,3705,16,True,,lego,1,
lego_87083,lego,# 4 Axle w/ stop,87083,4,True,,lego,1,
lego_32073,lego,#5 Axle,32073,12,True,,lego,1,
lego_32209,lego,#5.5 Axle w/ stop,32209,2,True,,lego,1,
lego_3706,lego,#6 Axle,3706,16,True,,lego,1,
lego_44294,lego,#7 Axle,44294,16,True,,lego,2,
lego_3707,lego,#8 Axle,3707,8,True,,lego,2,
lego_3737,lego,#10 Axle,3737,4,True,,lego,2,
lego_3708,lego,#12 Axle,3708,2,True,,lego,2,
lego_32013,lego,#1 Angle Connector,32013,12,True,,lego,2,
lego_32034,lego,#2 Angle Connector,32034,4,True,,lego,2,
lego_32016,lego,#3 Angle Connector,32016,4,True,,lego,2,
lego_32192,lego,#4 Angle Connector,32192,4,True,,lego,2,
lego_32015,lego,#5 Angle Connector,32015,4,True,,lego,3,
lego_32014,lego,#6 Angle Connector,32014,8,True,,lego,3,
lego_6538c,lego,Axle Joiner Inline Smooth,6538c,32,True,,lego,3,
lego_45590,lego,Axle Connector Double Rubber,45590,8,True,,lego,3,
lego_6536,lego,Axle Joiner Perpendicular,6536,48,True,,lego,3,
lego_32184,lego,Axle Joiner Perpendicular 3 Long,32184,8,True,,lego,3,
lego_32291,lego,Axle Joiner Perpendicular Double,32291,8,True,,lego,3,
lego_41678,lego,Axle Joiner Perpendicular Double Split,41678,6,True,,lego,3,
lego_63869,lego,Axle Joiner Perpendicular Triple,63869,8,True,,lego,3,
lego_42003,lego,Axle Joiner Perpendicular w/ 2 Holes,42003,12,True,,lego,4,
lego_x346,lego,Bionicle Tooth,x346,8,True,,lego,4,
lego_62462,lego,Pin Connector,62462,4,True,,lego,4,
lego_32557,lego,Pin Connector Perpendicular Double 3 Long,32557,8,True,,lego,4,
lego_44809,lego,Pin Connector Perpendicular 2 x 2 Bent,44809,4,True,,lego,4,
lego_6553,lego,Pole Reverser,6553,4,True,,lego,4,
lego_32039,lego,Axle Connector w/ Axle Hole,32039,4,True,,lego,4,
lego_57585,lego,Axle Connector Hub w/ 3 Axles,57585,2,True,,lego,4,
lego_60483,lego,1 x 2 Liftarm w/ Axle Hole,60483,8,True,,lego,5,
lego_32523,lego,1 x 3 Liftarm,32523,16,True,,lego,5,
lego_32316,lego,1 x 5 Liftarm,32316,11,True,,lego,5,
lego_32140,lego,1 x 5 Liftarm Bent (2 x 4),32140,12,True,,lego,5,
lego_32524,lego,1 x 7 Liftarm,32524,16,True,,lego,5,
lego_32348,lego,1 x 7 Liftarm Bent (4 x 4),32348,16,True,,lego,5,
lego_32526,lego,1 x 7 Liftarm Bent (3 x 5),32526,8,True,,lego,5,
lego_40490,lego,1 x 9 Liftarm,40490,10,True,,lego,5,
lego_32271,lego,1 x 9 Liftarm Bent (3 x 7),32271,4,True,,lego,6,
lego_32525,lego,1 x 11 Liftarm,32525,10,True,,lego,6,
lego_32009,lego,1 x 11.5 Liftarm Double Bent,32009,6,True,,lego,6,
lego_41239,lego,1 x 13 Liftarm,41239,10,True,,lego,6,
lego_32278,lego,1 x 15 Liftarm,32278,14,True,,lego,6,
lego_4274,lego,Pin 1/2,4274,16,True,,lego,6,
lego_32002,lego,Pin 3/4,32002,16,True,,lego,6,
lego_3673,lego,Pin w/out Friction,3673,25,True,,lego,6,
lego_2780,lego,Pin w/ Friction,2780,122,True,,lego,7,
lego_6558,lego,Pin Long w/ Friction,6558,40,True,,lego,7,
lego_32556,lego,Pin Long w/ out Friction,32556,13,True,,lego,7,
lego_32054,lego,Pin w/ Friction 3 Long w/ Stop Bush,32054,16,True,,lego,7,
lego_6628,lego,Pin w/ Towball,6628,8,True,,lego,7,
lego_2736,lego,Axle w/ Towball,2736,2,True,,lego,7,
lego_43093,lego,Axle Pin w/ Friction,43093,80,True,,lego,7,
lego_3749,lego,Axle Pin w/ out Friction,3749,20,True,,lego,7,
lego_48989,lego,Pin Connector Perpendicular 3 Long w/ 4 Pins,48989,12,True,,lego,7,
lego_55615,lego,Pin Connector Perpendicular 3 x 3 Bent w/ 4 Pins,55615,4,True,,lego,8,
lego_32138,lego,Pin Double w/ Axle Hole,32138,4,True,,lego,8,
lego_3647,lego,8 Tooth,3647,8,True,,lego,8,
lego_32270,lego,12 Tooth Double Bevel,32270,4,True,,lego,8,
lego_6589,lego,12 Tooth Single Bevel,6589,3,True,,lego,8,
lego_4019,lego,16 Tooth,4019,6,True,,lego,8,
lego_32269,lego,20 Tooth Double Bevel,32269,12,True,,lego,8,
lego_3648,lego,24 Tooth,3648,6,True,,lego,8,
lego_32498,lego,36 Tooth Double Bevel,32498,2,True,,lego,9,
lego_3649,lego,40 Tooth,3649,4,True,,lego,9,
lego_4265c,lego,Bush 1/2,4265c,42,True,,lego,9,
lego_3713,lego,Bush,3713,42,True,,lego,9,
lego_6575,lego,Cam,6575,2,True,,lego,9,
lego_6573,lego,Differential,6573,1,True,,lego,9,
lego_3743,lego,Gear Rack 1 x 4,3743,4,True,,lego,9,
lego_32072,lego,Knob Wheel,32072,2,True,,lego,9,
lego_4185,lego,Pulley Wheel,4185,4,True,,lego,9,
lego_4716,lego,Worm Gear,4716,2,True,,lego,10,
lego_6632,lego,1 x 3 Liftarm Thin,6632,16,True,,lego,10,
lego_2905,lego,Triangle,2905,4,True,,lego,10,
lego_3069b,lego,1 x 2 Tile,3069b,4,True,,lego,10,
lego_3023,lego,1 x 2 Plate,3023,8,True,,lego,10,
lego_3710,lego,1 x 4 Plate,3710,4,True,,lego,10,
lego_3666,lego,1 x 6 Plate,3666,4,True,,lego,10,
lego_3460,lego,1 x 8 Plate,3460,4,True,,lego,10,
lego_2654,lego,2 x 2 Round Dish,2654,2,True,,lego,11,
lego_4032b,lego,2 x 2 Plate Round,4032b,4,True,,lego,11,
lego_3709b,lego,2 x 4 Plate w/ holes,3709b,4,True,,lego,11,
lego_32001,lego,2 x 6 Plate w/ holes,32001,4,True,,lego,11,
lego_3738,lego,2 x 8 Plate w/ holes,3738,4,True,,lego,11,
lego_4589,lego,1 x 1 Cone,4589,3,True,,lego,11,
lego_32064,lego,1 x 2 w/ axle hole,32064,4,True,,lego,11,
lego_3700,lego,1 x 2 w/ Hole,3700,4,True,,lego,11,
lego_3701,lego,1 x 4 w/ Holes,3701,4,True,,lego,12,
lego_3894,lego,1 x 6 w/ Holes,3894,2,True,,lego,12,
lego_3702,lego,1 x 8 w/ Holes,3702,2,True,,lego,12,
lego_3895,lego,1 x 12 w/ Holes,3895,2,True,,lego,12,
lego_32018,lego,1 x 14 w/ Holes,32018,4,True,,lego,12,
lego_3941,lego,2 x 2 Round,3941,2,True,,lego,12,
lego_56145,lego,Wheel 30.4 x 20,56145,8,True,,lego,12,
lego_70162,lego,Technic Wedge Belt Wheel Tire,70162,4,True,,lego,12,
lego_55976,lego,Tire 56 x 26 Balloon,55976,2,True,,lego,13,
lego_44309,lego,Tire 43.2 x 22 ZR,44309,2,True,,lego,13,
